{
    "TrainingJobName": "balanced-random-forest-training-05",
    "AlgorithmSpecification": {
      "TrainingImage": "683313688378.dkr.ecr.us-east-1.amazonaws.com/sagemaker-scikit-learn:0.23-1-cpu-py3",
      "TrainingInputMode": "File"
    },
    "RoleArn": "arn:aws:iam::381492047582:role/service-role/AmazonSageMaker-ExecutionRole-20240716T085853",
    "InputDataConfig": [
      {
        "ChannelName": "train",
        "DataSource": {
          "S3DataSource": {
            "S3DataType": "S3Prefix",
            "S3Uri": "s3://predictive-maintainence-data/sagemakertraining/train.csv",
            "S3DataDistributionType": "FullyReplicated"
          }
        },
        "ContentType": "text/csv"
      },
      {
        "ChannelName": "test",
        "DataSource": {
          "S3DataSource": {
            "S3DataType": "S3Prefix",
            "S3Uri": "s3://predictive-maintainence-data/sagemakertraining/test.csv",
            "S3DataDistributionType": "FullyReplicated"
          }
        },
        "ContentType": "text/csv"
      }
    ],
    "OutputDataConfig": {
      "S3OutputPath": "s3://predictive-maintainence-data/output/"
    },
    "ResourceConfig": {
      "InstanceType": "ml.m5.xlarge",
      "InstanceCount": 1,
      "VolumeSizeInGB": 30
    },
    "StoppingCondition": {
      "MaxRuntimeInSeconds": 86400
    },
    "HyperParameters": {
      "n_estimators": "100",
      "random_state": "42"
    },
    "Environment": {
      "SAGEMAKER_PROGRAM": "script.py",
      "SAGEMAKER_SUBMIT_DIRECTORY": "s3://predictive-maintainence-data/training_script/script.tar.gz"
    }
  }
  